test_name,timestamp,duration,sample_rate
test_20251204_211947,2025-12-04 21:21:14,14.97687074829932,44100
test_20251204_212042,2025-12-04 21:20:58,2.972154195011338,44100
test_20251204_212454,2025-12-04 21:30:40,4.992290249433107,44100
test_20251204_212556,2025-12-04 21:26:13,2.972154195011338,44100
test_20251204_212752,2025-12-04 21:28:23,2.972154195011338,44100
test_20251204_212859,2025-12-04 21:29:19,19.71374149659864,44100
test_20251204_212919,2025-12-04 21:29:28,8.6378231292517,44100
test_20251204_212928,2025-12-04 21:29:43,15.209070294784581,44100
test_20251204_212943,2025-12-04 21:29:50,2.995374149659864,44100
test_20251204_213055,2025-12-04 21:31:48,14.97687074829932,44100
test_20251204_213114,2025-12-04 21:31:25,10.12390022675737,44100
test_20251204_213125,2025-12-04 21:31:32,2.995374149659864,44100
